instance,seed,operator,selected_count,improved_count,not_improved_count,success_rate,final_score,final_probability,best_min_time_minutes,runtime_seconds,iterations
mbB101,1,N10,80,15,65,0.1875,0.3000,0.0033,134.0160,38.7919,6557
mbB101,1,N11,83,12,71,0.1446,0.1000,0.0011,134.0160,38.7919,6557
mbB101,1,N12,93,18,75,0.1935,0.1000,0.0011,134.0160,38.7919,6557
mbB101,1,N13,8939,3266,5673,0.3654,88.0000,0.9778,134.0160,38.7919,6557
mbB101,1,N14,111,20,91,0.1802,0.2000,0.0022,134.0160,38.7919,6557
mbB101,1,N15,63,0,63,0.0000,0.1000,0.0011,134.0160,38.7919,6557
mbB101,1,N16,86,13,73,0.1512,0.1000,0.0011,134.0160,38.7919,6557
mbB101,1,N1,89,11,78,0.1236,0.1000,0.0011,134.0160,38.7919,6557
mbB101,1,N2,63,4,59,0.0635,0.1000,0.0011,134.0160,38.7919,6557
mbB101,1,N3,57,1,56,0.0175,0.1000,0.0011,134.0160,38.7919,6557
mbB101,1,N4,114,27,87,0.2368,0.1000,0.0011,134.0160,38.7919,6557
mbB101,1,N5,156,42,114,0.2692,0.1000,0.0011,134.0160,38.7919,6557
mbB101,1,N6,207,59,148,0.2850,0.3000,0.0033,134.0160,38.7919,6557
mbB101,1,N7,273,80,193,0.2930,0.1000,0.0011,134.0160,38.7919,6557
mbB101,1,N8,63,0,63,0.0000,0.1000,0.0011,134.0160,38.7919,6557
mbB101,1,N9,171,43,128,0.2515,0.1000,0.0011,134.0160,38.7919,6557
mbB101,2,N10,43,6,37,0.1395,0.1000,0.0007,132.7826,36.7593,6284
mbB101,2,N11,61,14,47,0.2295,0.1000,0.0007,132.7826,36.7593,6284
mbB101,2,N12,41,7,34,0.1707,0.3000,0.0022,132.7826,36.7593,6284
mbB101,2,N13,9579,3640,5939,0.3800,135.1000,0.9861,132.7826,36.7593,6284
mbB101,2,N14,41,6,35,0.1463,0.1000,0.0007,132.7826,36.7593,6284
mbB101,2,N15,37,2,35,0.0541,0.1000,0.0007,132.7826,36.7593,6284
mbB101,2,N16,47,6,41,0.1277,0.1000,0.0007,132.7826,36.7593,6284
mbB101,2,N1,29,3,26,0.1034,0.1000,0.0007,132.7826,36.7593,6284
mbB101,2,N2,29,1,28,0.0345,0.1000,0.0007,132.7826,36.7593,6284
mbB101,2,N3,57,7,50,0.1228,0.1000,0.0007,132.7826,36.7593,6284
mbB101,2,N4,70,17,53,0.2429,0.1000,0.0007,132.7826,36.7593,6284
mbB101,2,N5,159,48,111,0.3019,0.1000,0.0007,132.7826,36.7593,6284
mbB101,2,N6,129,39,90,0.3023,0.3000,0.0022,132.7826,36.7593,6284
mbB101,2,N7,43,6,37,0.1395,0.1000,0.0007,132.7826,36.7593,6284
mbB101,2,N8,35,0,35,0.0000,0.1000,0.0007,132.7826,36.7593,6284
mbB101,2,N9,61,15,46,0.2459,0.1000,0.0007,132.7826,36.7593,6284
mbB101,3,N10,124,31,93,0.2500,1.3000,0.0106,133.9322,30.7621,5206
mbB101,3,N11,87,13,74,0.1494,0.1000,0.0008,133.9322,30.7621,5206
mbB101,3,N12,80,14,66,0.1750,0.1000,0.0008,133.9322,30.7621,5206
mbB101,3,N13,7204,2797,4407,0.3883,119.8000,0.9740,133.9322,30.7621,5206
mbB101,3,N14,108,19,89,0.1759,0.1000,0.0008,133.9322,30.7621,5206
mbB101,3,N15,62,1,61,0.0161,0.2000,0.0016,133.9322,30.7621,5206
mbB101,3,N16,80,7,73,0.0875,0.1000,0.0008,133.9322,30.7621,5206
mbB101,3,N1,65,5,60,0.0769,0.1000,0.0008,133.9322,30.7621,5206
mbB101,3,N2,61,2,59,0.0328,0.1000,0.0008,133.9322,30.7621,5206
mbB101,3,N3,65,4,61,0.0615,0.1000,0.0008,133.9322,30.7621,5206
mbB101,3,N4,118,29,89,0.2458,0.1000,0.0008,133.9322,30.7621,5206
mbB101,3,N5,92,18,74,0.1957,0.1000,0.0008,133.9322,30.7621,5206
mbB101,3,N6,111,26,85,0.2342,0.3000,0.0024,133.9322,30.7621,5206
mbB101,3,N7,191,54,137,0.2827,0.1000,0.0008,133.9322,30.7621,5206
mbB101,3,N8,57,0,57,0.0000,0.1000,0.0008,133.9322,30.7621,5206
mbB101,3,N9,107,26,81,0.2430,0.3000,0.0024,133.9322,30.7621,5206
mbC106,1,N10,227,48,179,0.2115,0.1000,0.0179,304.6695,20.1547,3252
mbC106,1,N11,192,32,160,0.1667,0.1000,0.0179,304.6695,20.1547,3252
mbC106,1,N12,238,51,187,0.2143,0.3000,0.0536,304.6695,20.1547,3252
mbC106,1,N13,348,99,249,0.2845,2.6000,0.4643,304.6695,20.1547,3252
mbC106,1,N14,274,70,204,0.2555,0.1000,0.0179,304.6695,20.1547,3252
mbC106,1,N15,121,0,121,0.0000,0.1000,0.0179,304.6695,20.1547,3252
mbC106,1,N16,147,9,138,0.0612,0.1000,0.0179,304.6695,20.1547,3252
mbC106,1,N1,109,1,108,0.0092,0.1000,0.0179,304.6695,20.1547,3252
mbC106,1,N2,129,3,126,0.0233,0.1000,0.0179,304.6695,20.1547,3252
mbC106,1,N3,154,7,147,0.0455,0.1000,0.0179,304.6695,20.1547,3252
mbC106,1,N4,813,251,562,0.3087,0.7000,0.1250,304.6695,20.1547,3252
mbC106,1,N5,356,97,259,0.2725,0.4000,0.0714,304.6695,20.1547,3252
mbC106,1,N6,617,183,434,0.2966,0.1000,0.0179,304.6695,20.1547,3252
mbC106,1,N7,410,124,286,0.3024,0.5000,0.0893,304.6695,20.1547,3252
mbC106,1,N8,137,0,137,0.0000,0.1000,0.0179,304.6695,20.1547,3252
mbC106,1,N9,255,60,195,0.2353,0.1000,0.0179,304.6695,20.1547,3252
mbC106,2,N10,205,42,163,0.2049,0.1000,0.0130,300.8187,15.4880,2500
mbC106,2,N11,178,33,145,0.1854,0.4000,0.0519,300.8187,15.4880,2500
mbC106,2,N12,245,64,181,0.2612,0.4000,0.0519,300.8187,15.4880,2500
mbC106,2,N13,459,148,311,0.3224,4.2000,0.5455,300.8187,15.4880,2500
mbC106,2,N14,188,32,156,0.1702,0.1000,0.0130,300.8187,15.4880,2500
mbC106,2,N15,119,1,118,0.0084,0.1000,0.0130,300.8187,15.4880,2500
mbC106,2,N16,129,7,122,0.0543,0.1000,0.0130,300.8187,15.4880,2500
mbC106,2,N1,111,3,108,0.0270,0.1000,0.0130,300.8187,15.4880,2500
mbC106,2,N2,113,2,111,0.0177,0.1000,0.0130,300.8187,15.4880,2500
mbC106,2,N3,105,4,101,0.0381,0.1000,0.0130,300.8187,15.4880,2500
mbC106,2,N4,236,61,175,0.2585,1.3000,0.1688,300.8187,15.4880,2500
mbC106,2,N5,215,54,161,0.2512,0.2000,0.0260,300.8187,15.4880,2500
mbC106,2,N6,276,71,205,0.2572,0.1000,0.0130,300.8187,15.4880,2500
mbC106,2,N7,327,89,238,0.2722,0.1000,0.0130,300.8187,15.4880,2500
mbC106,2,N8,114,0,114,0.0000,0.1000,0.0130,300.8187,15.4880,2500
mbC106,2,N9,384,113,271,0.2943,0.2000,0.0260,300.8187,15.4880,2500
mbC106,3,N10,188,30,158,0.1596,0.1000,0.0164,275.1456,15.4258,2500
mbC106,3,N11,165,25,140,0.1515,0.4000,0.0656,275.1456,15.4258,2500
mbC106,3,N12,362,110,252,0.3039,3.3000,0.5410,275.1456,15.4258,2500
mbC106,3,N13,264,60,204,0.2273,0.4000,0.0656,275.1456,15.4258,2500
mbC106,3,N14,210,44,166,0.2095,0.2000,0.0328,275.1456,15.4258,2500
mbC106,3,N15,143,0,143,0.0000,0.1000,0.0164,275.1456,15.4258,2500
mbC106,3,N16,159,12,147,0.0755,0.1000,0.0164,275.1456,15.4258,2500
mbC106,3,N1,143,3,140,0.0210,0.1000,0.0164,275.1456,15.4258,2500
mbC106,3,N2,131,3,128,0.0229,0.1000,0.0164,275.1456,15.4258,2500
mbC106,3,N3,139,4,135,0.0288,0.1000,0.0164,275.1456,15.4258,2500
mbC106,3,N4,260,58,202,0.2231,0.1000,0.0164,275.1456,15.4258,2500
mbC106,3,N5,227,53,174,0.2335,0.5000,0.0820,275.1456,15.4258,2500
mbC106,3,N6,250,59,191,0.2360,0.1000,0.0164,275.1456,15.4258,2500
mbC106,3,N7,217,43,174,0.1982,0.1000,0.0164,275.1456,15.4258,2500
mbC106,3,N8,136,0,136,0.0000,0.1000,0.0164,275.1456,15.4258,2500
mbC106,3,N9,253,63,190,0.2490,0.3000,0.0492,275.1456,15.4258,2500
mbD110,1,N10,226,22,204,0.0973,0.2000,0.1111,374.4793,16.5896,2747
mbD110,1,N11,219,22,197,0.1005,0.1000,0.0556,374.4793,16.5896,2747
mbD110,1,N12,193,23,170,0.1192,0.1000,0.0556,374.4793,16.5896,2747
mbD110,1,N13,254,45,209,0.1772,0.1000,0.0556,374.4793,16.5896,2747
mbD110,1,N14,160,12,148,0.0750,0.1000,0.0556,374.4793,16.5896,2747
mbD110,1,N15,183,0,183,0.0000,0.1000,0.0556,374.4793,16.5896,2747
mbD110,1,N16,207,22,185,0.1063,0.1000,0.0556,374.4793,16.5896,2747
mbD110,1,N1,180,3,177,0.0167,0.1000,0.0556,374.4793,16.5896,2747
mbD110,1,N2,175,4,171,0.0229,0.1000,0.0556,374.4793,16.5896,2747
mbD110,1,N3,174,3,171,0.0172,0.1000,0.0556,374.4793,16.5896,2747
mbD110,1,N4,250,32,218,0.1280,0.1000,0.0556,374.4793,16.5896,2747
mbD110,1,N5,205,21,184,0.1024,0.1000,0.0556,374.4793,16.5896,2747
mbD110,1,N6,203,20,183,0.0985,0.2000,0.1111,374.4793,16.5896,2747
mbD110,1,N7,199,18,181,0.0905,0.1000,0.0556,374.4793,16.5896,2747
mbD110,1,N8,171,0,171,0.0000,0.1000,0.0556,374.4793,16.5896,2747
mbD110,1,N9,201,26,175,0.1294,0.1000,0.0556,374.4793,16.5896,2747
mbD110,2,N10,238,19,219,0.0798,0.1000,0.0625,387.3276,19.3748,3251
mbD110,2,N11,232,12,220,0.0517,0.1000,0.0625,387.3276,19.3748,3251
mbD110,2,N12,225,20,205,0.0889,0.1000,0.0625,387.3276,19.3748,3251
mbD110,2,N13,291,37,254,0.1271,0.1000,0.0625,387.3276,19.3748,3251
mbD110,2,N14,231,18,213,0.0779,0.1000,0.0625,387.3276,19.3748,3251
mbD110,2,N15,217,0,217,0.0000,0.1000,0.0625,387.3276,19.3748,3251
mbD110,2,N16,321,36,285,0.1121,0.1000,0.0625,387.3276,19.3748,3251
mbD110,2,N1,223,9,214,0.0404,0.1000,0.0625,387.3276,19.3748,3251
mbD110,2,N2,199,3,196,0.0151,0.1000,0.0625,387.3276,19.3748,3251
mbD110,2,N3,212,6,206,0.0283,0.1000,0.0625,387.3276,19.3748,3251
mbD110,2,N4,199,13,186,0.0653,0.1000,0.0625,387.3276,19.3748,3251
mbD110,2,N5,229,22,207,0.0961,0.1000,0.0625,387.3276,19.3748,3251
mbD110,2,N6,239,8,231,0.0335,0.1000,0.0625,387.3276,19.3748,3251
mbD110,2,N7,251,15,236,0.0598,0.1000,0.0625,387.3276,19.3748,3251
mbD110,2,N8,197,0,197,0.0000,0.1000,0.0625,387.3276,19.3748,3251
mbD110,2,N9,228,23,205,0.1009,0.1000,0.0625,387.3276,19.3748,3251
mbD110,3,N10,350,32,318,0.0914,0.1000,0.0556,399.6469,27.9748,4654
mbD110,3,N11,318,28,290,0.0881,0.1000,0.0556,399.6469,27.9748,4654
mbD110,3,N12,336,25,311,0.0744,0.1000,0.0556,399.6469,27.9748,4654
mbD110,3,N13,349,38,311,0.1089,0.1000,0.0556,399.6469,27.9748,4654
mbD110,3,N14,393,49,344,0.1247,0.3000,0.1667,399.6469,27.9748,4654
mbD110,3,N15,290,0,290,0.0000,0.1000,0.0556,399.6469,27.9748,4654
mbD110,3,N16,344,22,322,0.0640,0.1000,0.0556,399.6469,27.9748,4654
mbD110,3,N1,291,8,283,0.0275,0.1000,0.0556,399.6469,27.9748,4654
mbD110,3,N2,324,4,320,0.0123,0.1000,0.0556,399.6469,27.9748,4654
mbD110,3,N3,296,7,289,0.0236,0.1000,0.0556,399.6469,27.9748,4654
mbD110,3,N4,334,36,298,0.1078,0.1000,0.0556,399.6469,27.9748,4654
mbD110,3,N5,337,33,304,0.0979,0.1000,0.0556,399.6469,27.9748,4654
mbD110,3,N6,370,41,329,0.1108,0.1000,0.0556,399.6469,27.9748,4654
mbD110,3,N7,380,37,343,0.0974,0.1000,0.0556,399.6469,27.9748,4654
mbD110,3,N8,318,0,318,0.0000,0.1000,0.0556,399.6469,27.9748,4654
mbD110,3,N9,307,23,284,0.0749,0.1000,0.0556,399.6469,27.9748,4654
mbE101,1,N10,222,62,160,0.2793,0.1000,0.0035,205.4823,67.8134,3263
mbE101,1,N11,202,57,145,0.2822,0.1000,0.0035,205.4823,67.8134,3263
mbE101,1,N12,104,23,81,0.2212,0.2000,0.0070,205.4823,67.8134,3263
mbE101,1,N13,3199,1149,2050,0.3592,26.5000,0.9298,205.4823,67.8134,3263
mbE101,1,N14,129,32,97,0.2481,0.1000,0.0035,205.4823,67.8134,3263
mbE101,1,N15,74,1,73,0.0135,0.1000,0.0035,205.4823,67.8134,3263
mbE101,1,N16,106,16,90,0.1509,0.1000,0.0035,205.4823,67.8134,3263
mbE101,1,N1,79,6,73,0.0759,0.1000,0.0035,205.4823,67.8134,3263
mbE101,1,N2,75,2,73,0.0267,0.1000,0.0035,205.4823,67.8134,3263
mbE101,1,N3,71,3,68,0.0423,0.1000,0.0035,205.4823,67.8134,3263
mbE101,1,N4,125,24,101,0.1920,0.1000,0.0035,205.4823,67.8134,3263
mbE101,1,N5,156,42,114,0.2692,0.3000,0.0105,205.4823,67.8134,3263
mbE101,1,N6,158,43,115,0.2722,0.1000,0.0035,205.4823,67.8134,3263
mbE101,1,N7,109,22,87,0.2018,0.1000,0.0035,205.4823,67.8134,3263
mbE101,1,N8,65,0,65,0.0000,0.1000,0.0035,205.4823,67.8134,3263
mbE101,1,N9,147,36,111,0.2449,0.3000,0.0105,205.4823,67.8134,3263
mbE101,2,N10,46,8,38,0.1739,0.1000,0.0007,202.1077,86.3198,4154
mbE101,2,N11,43,7,36,0.1628,0.1000,0.0007,202.1077,86.3198,4154
mbE101,2,N12,62,15,47,0.2419,0.1000,0.0007,202.1077,86.3198,4154
mbE101,2,N13,6070,2490,3580,0.4102,141.0000,0.9785,202.1077,86.3198,4154
mbE101,2,N14,268,86,182,0.3209,0.5000,0.0035,202.1077,86.3198,4154
mbE101,2,N15,24,0,24,0.0000,0.1000,0.0007,202.1077,86.3198,4154
mbE101,2,N16,34,2,32,0.0588,0.1000,0.0007,202.1077,86.3198,4154
mbE101,2,N1,39,2,37,0.0513,0.1000,0.0007,202.1077,86.3198,4154
mbE101,2,N2,39,0,39,0.0000,0.1000,0.0007,202.1077,86.3198,4154
mbE101,2,N3,39,1,38,0.0256,0.1000,0.0007,202.1077,86.3198,4154
mbE101,2,N4,60,15,45,0.2500,0.1000,0.0007,202.1077,86.3198,4154
mbE101,2,N5,165,52,113,0.3152,0.8000,0.0056,202.1077,86.3198,4154
mbE101,2,N6,95,28,67,0.2947,0.1000,0.0007,202.1077,86.3198,4154
mbE101,2,N7,101,30,71,0.2970,0.4000,0.0028,202.1077,86.3198,4154
mbE101,2,N8,33,0,33,0.0000,0.1000,0.0007,202.1077,86.3198,4154
mbE101,2,N9,98,26,72,0.2653,0.3000,0.0021,202.1077,86.3198,4154
mbE101,3,N10,80,20,60,0.2500,0.3000,0.0023,203.9121,128.9406,6140
mbE101,3,N11,52,10,42,0.1923,0.1000,0.0008,203.9121,128.9406,6140
mbE101,3,N12,280,90,190,0.3214,0.2000,0.0015,203.9121,128.9406,6140
mbE101,3,N13,8958,3416,5542,0.3813,130.0000,0.9774,203.9121,128.9406,6140
mbE101,3,N14,349,116,233,0.3324,1.3000,0.0098,203.9121,128.9406,6140
mbE101,3,N15,32,0,32,0.0000,0.1000,0.0008,203.9121,128.9406,6140
mbE101,3,N16,61,10,51,0.1639,0.1000,0.0008,203.9121,128.9406,6140
mbE101,3,N1,44,2,42,0.0455,0.1000,0.0008,203.9121,128.9406,6140
mbE101,3,N2,32,0,32,0.0000,0.1000,0.0008,203.9121,128.9406,6140
mbE101,3,N3,41,1,40,0.0244,0.1000,0.0008,203.9121,128.9406,6140
mbE101,3,N4,65,16,49,0.2462,0.1000,0.0008,203.9121,128.9406,6140
mbE101,3,N5,64,11,53,0.1719,0.1000,0.0008,203.9121,128.9406,6140
mbE101,3,N6,51,10,41,0.1961,0.1000,0.0008,203.9121,128.9406,6140
mbE101,3,N7,74,16,58,0.2162,0.1000,0.0008,203.9121,128.9406,6140
mbE101,3,N8,45,0,45,0.0000,0.1000,0.0008,203.9121,128.9406,6140
mbE101,3,N9,68,18,50,0.2647,0.1000,0.0008,203.9121,128.9406,6140
mbF105,1,N10,62,12,50,0.1935,0.1000,0.0015,404.6786,67.0022,2500
mbF105,1,N11,77,20,57,0.2597,0.1000,0.0015,404.6786,67.0022,2500
mbF105,1,N12,180,59,121,0.3278,0.7000,0.0107,404.6786,67.0022,2500
mbF105,1,N13,3118,1244,1874,0.3990,62.4000,0.9512,404.6786,67.0022,2500
mbF105,1,N14,150,46,104,0.3067,0.5000,0.0076,404.6786,67.0022,2500
mbF105,1,N15,33,0,33,0.0000,0.1000,0.0015,404.6786,67.0022,2500
mbF105,1,N16,37,0,37,0.0000,0.1000,0.0015,404.6786,67.0022,2500
mbF105,1,N1,34,0,34,0.0000,0.1000,0.0015,404.6786,67.0022,2500
mbF105,1,N2,44,1,43,0.0227,0.1000,0.0015,404.6786,67.0022,2500
mbF105,1,N3,49,1,48,0.0204,0.1000,0.0015,404.6786,67.0022,2500
mbF105,1,N4,62,14,48,0.2258,0.8000,0.0122,404.6786,67.0022,2500
mbF105,1,N5,59,10,49,0.1695,0.1000,0.0015,404.6786,67.0022,2500
mbF105,1,N6,76,19,57,0.2500,0.1000,0.0015,404.6786,67.0022,2500
mbF105,1,N7,52,8,44,0.1538,0.1000,0.0015,404.6786,67.0022,2500
mbF105,1,N8,32,0,32,0.0000,0.1000,0.0015,404.6786,67.0022,2500
mbF105,1,N9,57,8,49,0.1404,0.1000,0.0015,404.6786,67.0022,2500
mbF105,2,N10,58,10,48,0.1724,0.2000,0.0033,404.9444,81.0940,3096
mbF105,2,N11,63,12,51,0.1905,0.1000,0.0016,404.9444,81.0940,3096
mbF105,2,N12,132,37,95,0.2803,0.1000,0.0016,404.9444,81.0940,3096
mbF105,2,N13,4019,1534,2485,0.3817,59.3000,0.9674,404.9444,81.0940,3096
mbF105,2,N14,107,29,78,0.2710,0.1000,0.0016,404.9444,81.0940,3096
mbF105,2,N15,45,0,45,0.0000,0.1000,0.0016,404.9444,81.0940,3096
mbF105,2,N16,42,5,37,0.1190,0.1000,0.0016,404.9444,81.0940,3096
mbF105,2,N1,35,0,35,0.0000,0.1000,0.0016,404.9444,81.0940,3096
mbF105,2,N2,43,0,43,0.0000,0.1000,0.0016,404.9444,81.0940,3096
mbF105,2,N3,34,2,32,0.0588,0.1000,0.0016,404.9444,81.0940,3096
mbF105,2,N4,69,16,53,0.2319,0.1000,0.0016,404.9444,81.0940,3096
mbF105,2,N5,56,12,44,0.2143,0.3000,0.0049,404.9444,81.0940,3096
mbF105,2,N6,56,10,46,0.1786,0.1000,0.0016,404.9444,81.0940,3096
mbF105,2,N7,53,9,44,0.1698,0.2000,0.0033,404.9444,81.0940,3096
mbF105,2,N8,46,0,46,0.0000,0.1000,0.0016,404.9444,81.0940,3096
mbF105,2,N9,131,37,94,0.2824,0.2000,0.0033,404.9444,81.0940,3096
mbF105,3,N10,213,43,170,0.2019,0.2000,0.0385,398.3141,84.8401,3590
mbF105,3,N11,237,48,189,0.2025,0.1000,0.0192,398.3141,84.8401,3590
mbF105,3,N12,242,51,191,0.2107,0.1000,0.0192,398.3141,84.8401,3590
mbF105,3,N13,778,252,526,0.3239,1.5000,0.2885,398.3141,84.8401,3590
mbF105,3,N14,509,146,363,0.2868,0.1000,0.0192,398.3141,84.8401,3590
mbF105,3,N15,140,0,140,0.0000,0.1000,0.0192,398.3141,84.8401,3590
mbF105,3,N16,189,14,175,0.0741,0.1000,0.0192,398.3141,84.8401,3590
mbF105,3,N1,163,8,155,0.0491,0.1000,0.0192,398.3141,84.8401,3590
mbF105,3,N2,185,3,182,0.0162,0.1000,0.0192,398.3141,84.8401,3590
mbF105,3,N3,147,1,146,0.0068,0.1000,0.0192,398.3141,84.8401,3590
mbF105,3,N4,366,100,266,0.2732,0.1000,0.0192,398.3141,84.8401,3590
mbF105,3,N5,402,106,296,0.2637,0.1000,0.0192,398.3141,84.8401,3590
mbF105,3,N6,354,93,261,0.2627,0.1000,0.0192,398.3141,84.8401,3590
mbF105,3,N7,361,102,259,0.2825,2.2000,0.4231,398.3141,84.8401,3590
mbF105,3,N8,154,0,154,0.0000,0.1000,0.0192,398.3141,84.8401,3590
mbF105,3,N9,503,146,357,0.2903,0.1000,0.0192,398.3141,84.8401,3590
mbG110,1,N10,94,15,79,0.1596,0.1000,0.0013,559.7713,65.6364,2517
mbG110,1,N11,105,20,85,0.1905,0.1000,0.0013,559.7713,65.6364,2517
mbG110,1,N12,314,108,206,0.3439,2.7000,0.0350,559.7713,65.6364,2517
mbG110,1,N13,1960,879,1081,0.4485,70.0000,0.9079,559.7713,65.6364,2517
mbG110,1,N14,137,35,102,0.2555,0.1000,0.0013,559.7713,65.6364,2517
mbG110,1,N15,60,0,60,0.0000,0.1000,0.0013,559.7713,65.6364,2517
mbG110,1,N16,61,5,56,0.0820,0.1000,0.0013,559.7713,65.6364,2517
mbG110,1,N1,58,0,58,0.0000,0.1000,0.0013,559.7713,65.6364,2517
mbG110,1,N2,64,1,63,0.0156,0.1000,0.0013,559.7713,65.6364,2517
mbG110,1,N3,59,0,59,0.0000,0.1000,0.0013,559.7713,65.6364,2517
mbG110,1,N4,162,50,112,0.3086,1.4000,0.0182,559.7713,65.6364,2517
mbG110,1,N5,190,49,141,0.2579,0.1000,0.0013,559.7713,65.6364,2517
mbG110,1,N6,119,32,87,0.2689,0.1000,0.0013,559.7713,65.6364,2517
mbG110,1,N7,365,117,248,0.3205,1.0000,0.0130,559.7713,65.6364,2517
mbG110,1,N8,77,0,77,0.0000,0.1000,0.0013,559.7713,65.6364,2517
mbG110,1,N9,270,87,183,0.3222,0.9000,0.0117,559.7713,65.6364,2517
mbG110,2,N10,49,8,41,0.1633,0.1000,0.0006,545.7905,100.1533,3408
mbG110,2,N11,34,4,30,0.1176,0.1000,0.0006,545.7905,100.1533,3408
mbG110,2,N12,54,11,43,0.2037,0.1000,0.0006,545.7905,100.1533,3408
mbG110,2,N13,5505,2406,3099,0.4371,172.3000,0.9863,545.7905,100.1533,3408
mbG110,2,N14,61,13,48,0.2131,0.1000,0.0006,545.7905,100.1533,3408
mbG110,2,N15,32,0,32,0.0000,0.1000,0.0006,545.7905,100.1533,3408
mbG110,2,N16,31,3,28,0.0968,0.1000,0.0006,545.7905,100.1533,3408
mbG110,2,N1,31,0,31,0.0000,0.1000,0.0006,545.7905,100.1533,3408
mbG110,2,N2,35,0,35,0.0000,0.1000,0.0006,545.7905,100.1533,3408
mbG110,2,N3,30,1,29,0.0333,0.1000,0.0006,545.7905,100.1533,3408
mbG110,2,N4,64,13,51,0.2031,0.3000,0.0017,545.7905,100.1533,3408
mbG110,2,N5,40,7,33,0.1750,0.2000,0.0011,545.7905,100.1533,3408
mbG110,2,N6,46,9,37,0.1957,0.1000,0.0006,545.7905,100.1533,3408
mbG110,2,N7,42,6,36,0.1429,0.1000,0.0006,545.7905,100.1533,3408
mbG110,2,N8,34,0,34,0.0000,0.1000,0.0006,545.7905,100.1533,3408
mbG110,2,N9,55,14,41,0.2545,0.7000,0.0040,545.7905,100.1533,3408
mbG110,3,N10,289,77,212,0.2664,0.4000,0.0052,567.3965,112.0879,4217
mbG110,3,N11,165,30,135,0.1818,0.1000,0.0013,567.3965,112.0879,4217
mbG110,3,N12,203,44,159,0.2167,0.1000,0.0013,567.3965,112.0879,4217
mbG110,3,N13,3395,1355,2040,0.3991,73.9000,0.9660,567.3965,112.0879,4217
mbG110,3,N14,270,61,209,0.2259,0.1000,0.0013,567.3965,112.0879,4217
mbG110,3,N15,144,0,144,0.0000,0.1000,0.0013,567.3965,112.0879,4217
mbG110,3,N16,139,6,133,0.0432,0.1000,0.0013,567.3965,112.0879,4217
mbG110,3,N1,131,2,129,0.0153,0.1000,0.0013,567.3965,112.0879,4217
mbG110,3,N2,134,0,134,0.0000,0.1000,0.0013,567.3965,112.0879,4217
mbG110,3,N3,121,1,120,0.0083,0.1000,0.0013,567.3965,112.0879,4217
mbG110,3,N4,328,95,233,0.2896,0.3000,0.0039,567.3965,112.0879,4217
mbG110,3,N5,245,59,186,0.2408,0.1000,0.0013,567.3965,112.0879,4217
mbG110,3,N6,253,60,193,0.2372,0.3000,0.0039,567.3965,112.0879,4217
mbG110,3,N7,259,67,192,0.2587,0.5000,0.0065,567.3965,112.0879,4217
mbG110,3,N8,130,0,130,0.0000,0.1000,0.0013,567.3965,112.0879,4217
mbG110,3,N9,217,49,168,0.2258,0.1000,0.0013,567.3965,112.0879,4217
