instance,series,seed,best_min_time_minutes,runtime_seconds,iterations,feasible
mbB101,B,1,134.0160,67.2139,6557,True
mbB102,B,1,131.4551,67.4161,6531,True
mbB103,B,1,134.9256,67.9595,6364,True
mbB104,B,1,135.5141,52.4956,5237,True
mbB105,B,1,127.4332,42.2412,4001,True
mbB106,B,1,135.5223,32.5286,3251,True
mbB107,B,1,136.2819,54.7837,5502,True
mbB108,B,1,134.6987,51.1756,4984,True
mbB109,B,1,129.3323,62.2621,5767,True
mbB110,B,1,132.3675,67.9224,6646,True
mbC101,C,1,265.9650,32.7160,3251,True
mbC102,C,1,262.8390,25.4245,2500,True
mbC103,C,1,256.5133,26.5895,2500,True
mbC104,C,1,268.7336,34.1454,3251,True
mbC105,C,1,273.4447,27.4611,2500,True
mbC106,C,1,291.0631,30.3343,2879,True
mbC107,C,1,275.3480,51.8544,5165,True
mbC108,C,1,289.3196,26.8884,2500,True
mbC109,C,1,285.1204,48.6784,4581,True
mbC110,C,1,264.7232,25.4833,2500,True
mbD101,D,1,369.0469,28.1983,2670,True
mbD102,D,1,380.0426,25.9051,2500,True
mbD103,D,1,352.7055,26.5619,2500,True
mbD104,D,1,407.3532,26.9755,2500,True
mbD105,D,1,400.5342,44.7834,4404,True
mbD106,D,1,387.4002,26.5537,2500,True
mbD107,D,1,364.4423,25.1698,2500,True
mbD108,D,1,362.1792,31.3264,3021,True
mbD109,D,1,405.6512,26.3989,2622,True
mbD110,D,1,382.7109,25.2709,2500,True
mbE101,E,1,205.4823,115.7397,3263,True
mbE102,E,1,210.4063,90.0628,2500,True
mbE103,E,1,206.7802,91.3730,2500,True
mbE104,E,1,206.8907,146.1438,4071,True
mbE105,E,1,209.1413,99.0840,2500,True
mbE106,E,1,203.3404,155.5232,4196,True
mbE107,E,1,206.6476,143.2595,3933,True
mbE108,E,1,206.6045,322.9722,9021,True
mbE109,E,1,203.4333,262.1891,6925,True
mbE110,E,1,204.3702,142.6238,3570,True
mbF101,F,1,401.9061,154.1171,3669,True
mbF102,F,1,395.3537,123.8970,3343,True
mbF103,F,1,384.2881,128.4753,3251,True
mbF104,F,1,397.5446,100.4689,2500,True
mbF105,F,1,402.6786,112.5509,2853,True
mbF106,F,1,373.4209,272.0447,6939,True
mbF107,F,1,387.3810,175.5070,4954,True
mbF108,F,1,401.1057,99.5333,2500,True
mbF109,F,1,385.8826,132.5548,3468,True
mbF110,F,1,404.0202,102.5762,2500,True
mbG101,G,1,554.2462,120.3603,3251,True
mbG102,G,1,519.2964,115.5798,2938,True
mbG103,G,1,558.3911,251.1870,7003,True
mbG104,G,1,566.5221,155.3159,3978,True
mbG105,G,1,557.5575,134.8230,3398,True
mbG106,G,1,541.6293,96.7617,2500,True
mbG107,G,1,554.4229,94.5646,2508,True
mbG108,G,1,557.3345,132.3886,3451,True
mbG109,G,1,566.8013,89.0454,2500,True
mbG110,G,1,553.7698,147.2228,3732,True
mbB101,B,2,132.7826,63.8207,6284,True
mbB102,B,2,129.2072,86.3859,8417,True
mbB103,B,2,133.4424,50.9097,4788,True
mbB104,B,2,141.0461,26.4516,2691,True
mbB105,B,2,134.5701,26.5031,2500,True
mbB106,B,2,137.0229,25.1527,2622,True
mbB107,B,2,136.9067,32.4151,3251,True
mbB108,B,2,133.4781,31.5788,3079,True
mbB109,B,2,133.6472,27.2586,2500,True
mbB110,B,2,133.2424,41.1704,4001,True
mbC101,C,2,251.0787,48.4440,4824,True
mbC102,C,2,247.9652,54.3347,5385,True
mbC103,C,2,252.5047,26.7646,2500,True
mbC104,C,2,266.9818,34.3109,3251,True
mbC105,C,2,279.4218,61.8512,5649,True
mbC106,C,2,300.8187,26.3413,2500,True
mbC107,C,2,273.4638,40.2643,4001,True
mbC108,C,2,286.2173,26.8230,2500,True
mbC109,C,2,289.5725,50.5937,4751,True
mbC110,C,2,284.3403,26.2767,2572,True
mbD101,D,2,379.2879,28.1239,2704,True
mbD102,D,2,400.5189,25.6419,2500,True
mbD103,D,2,360.5034,26.0282,2500,True
mbD104,D,2,400.9132,26.9618,2500,True
mbD105,D,2,415.2689,35.4294,3407,True
mbD106,D,2,388.2207,26.5299,2523,True
mbD107,D,2,366.1884,26.2898,2581,True
mbD108,D,2,371.0351,26.3957,2502,True
mbD109,D,2,429.4884,26.7834,2665,True
mbD110,D,2,350.3449,38.2463,3753,True
mbE101,E,2,202.1077,148.2575,4154,True
mbE102,E,2,211.7576,90.5345,2500,True
mbE103,E,2,207.9219,92.5176,2500,True
mbE104,E,2,207.0478,247.9483,6860,True
mbE105,E,2,200.5902,210.7797,5430,True
mbE106,E,2,203.1965,120.3450,3251,True
mbE107,E,2,204.6930,209.9751,5665,True
mbE108,E,2,206.3520,138.6556,3903,True
mbE109,E,2,203.0958,180.4042,4751,True
mbE110,E,2,203.2163,237.1109,5991,True
mbF101,F,2,388.9289,138.1876,3251,True
mbF102,F,2,402.9731,93.1766,2500,True
mbF103,F,2,393.1360,128.9722,3332,True
mbF104,F,2,392.8289,111.8285,2807,True
mbF105,F,2,404.3500,157.4307,4001,True
mbF106,F,2,367.8336,210.4907,5382,True
mbF107,F,2,389.5656,97.6924,2771,True
mbF108,F,2,392.7770,219.1320,5502,True
mbF109,F,2,406.7153,124.0809,3251,True
mbF110,F,2,401.9685,101.6259,2500,True
mbG101,G,2,561.0116,94.9167,2611,True
mbG102,G,2,506.9228,158.2779,4028,True
mbG103,G,2,558.8740,116.4317,3251,True
mbG104,G,2,549.1167,109.9898,2788,True
mbG105,G,2,567.3231,130.9148,3276,True
mbG106,G,2,565.2414,114.2767,2959,True
mbG107,G,2,550.3232,94.7008,2503,True
mbG108,G,2,560.6473,105.0435,2730,True
mbG109,G,2,565.4249,146.4560,4187,True
mbG110,G,2,576.1284,159.0214,4013,True
mbB101,B,3,133.9322,52.5891,5206,True
mbB102,B,3,129.2553,36.4075,3592,True
mbB103,B,3,131.3070,34.5497,3251,True
mbB104,B,3,138.1925,47.2716,4787,True
mbB105,B,3,127.5107,65.0530,6145,True
mbB106,B,3,140.4141,24.2146,2500,True
mbB107,B,3,136.8785,57.7772,5754,True
mbB108,B,3,131.2313,48.4849,4752,True
mbB109,B,3,126.2462,39.8437,3756,True
mbB110,B,3,133.9930,34.1337,3312,True
mbC101,C,3,258.2276,56.8397,5690,True
mbC102,C,3,252.9625,34.5255,3417,True
mbC103,C,3,253.2221,39.7022,3751,True
mbC104,C,3,265.8448,41.6325,4002,True
mbC105,C,3,279.0547,47.2499,4308,True
mbC106,C,3,275.1456,26.3349,2500,True
mbC107,C,3,286.0134,32.8759,3251,True
mbC108,C,3,296.7523,34.9016,3251,True
mbC109,C,3,280.4819,53.2263,5052,True
mbC110,C,3,289.8405,29.2995,2865,True
mbD101,D,3,366.7737,34.2820,3330,True
mbD102,D,3,398.6400,48.5830,4751,True
mbD103,D,3,371.9738,29.0227,2795,True
mbD104,D,3,414.6241,26.7596,2500,True
mbD105,D,3,418.0673,25.3423,2500,True
mbD106,D,3,374.9321,26.5257,2500,True
mbD107,D,3,386.9682,37.9419,3784,True
mbD108,D,3,360.8424,34.3166,3251,True
mbD109,D,3,407.8242,25.2818,2500,True
mbD110,D,3,393.4589,37.8193,3724,True
mbE101,E,3,203.9121,218.4521,6140,True
mbE102,E,3,206.6837,181.4122,5151,True
mbE103,E,3,203.2840,301.6151,8311,True
mbE104,E,3,207.0330,117.3130,3307,True
mbE105,E,3,207.3985,186.4491,4752,True
mbE106,E,3,203.0974,93.5028,2500,True
mbE107,E,3,203.7860,121.3417,3251,True
mbE108,E,3,206.1934,245.5454,6915,True
mbE109,E,3,202.2847,95.2549,2500,True
mbE110,E,3,203.7048,151.2942,3838,True
mbF101,F,3,403.1875,293.7229,7003,True
mbF102,F,3,401.7102,136.0427,3644,True
mbF103,F,3,392.1863,109.0415,2797,True
mbF104,F,3,385.7016,99.1474,2500,True
mbF105,F,3,384.4522,185.8368,4752,True
mbF106,F,3,365.6997,158.1935,4002,True
mbF107,F,3,385.8140,159.5923,4511,True
mbF108,F,3,394.6484,131.3702,3251,True
mbF109,F,3,394.2832,155.8342,4049,True
mbF110,F,3,397.2032,108.5218,2670,True
mbG101,G,3,554.3371,139.9438,3865,True
mbG102,G,3,526.6204,98.2149,2500,True
mbG103,G,3,560.3031,90.6590,2500,True
mbG104,G,3,564.9392,196.1427,4991,True
mbG105,G,3,551.1715,100.1731,2500,True
mbG106,G,3,572.6822,97.3353,2500,True
mbG107,G,3,563.4813,132.6112,3519,True
mbG108,G,3,549.1517,98.5167,2500,True
mbG109,G,3,560.0510,116.4265,3323,True
mbG110,G,3,567.4083,138.2334,3476,True
mbB101,B,4,135.4893,69.3246,6891,True
mbB102,B,4,134.7827,46.7563,4562,True
mbB103,B,4,132.8658,36.9924,3478,True
mbB104,B,4,139.0764,35.3632,3571,True
mbB105,B,4,126.1907,37.8646,3603,True
mbB106,B,4,136.0875,46.3515,4753,True
mbB107,B,4,132.5917,51.2999,5157,True
mbB108,B,4,133.5098,65.5561,6370,True
mbB109,B,4,122.4329,101.2222,9339,True
mbB110,B,4,132.6573,26.5134,2505,True
mbC101,C,4,255.2086,51.2597,4844,True
mbC102,C,4,265.5509,34.8474,3407,True
mbC103,C,4,258.9114,34.6857,3251,True
mbC104,C,4,268.5478,27.5288,2500,True
mbC105,C,4,294.1701,28.6071,2601,True
mbC106,C,4,294.8957,26.3591,2500,True
mbC107,C,4,279.8860,74.4976,7327,True
mbC108,C,4,284.5901,26.7091,2500,True
mbC109,C,4,278.2014,36.8770,3442,True
mbC110,C,4,275.1606,33.4747,3251,True
mbD101,D,4,373.3813,26.3089,2500,True
mbD102,D,4,383.1628,26.3026,2516,True
mbD103,D,4,371.8949,26.3546,2500,True
mbD104,D,4,401.0583,27.7451,2571,True
mbD105,D,4,414.1125,27.2058,2608,True
mbD106,D,4,389.2522,26.8770,2500,True
mbD107,D,4,397.2957,42.7048,4145,True
mbD108,D,4,381.1668,29.6574,2808,True
mbD109,D,4,422.5299,33.1371,3251,True
mbD110,D,4,382.5100,26.6313,2500,True
mbE101,E,4,203.4915,225.3017,6252,True
mbE102,E,4,207.2440,198.5719,5532,True
mbE103,E,4,207.3781,208.2872,5734,True
mbE104,E,4,206.7881,190.4285,5199,True
mbE105,E,4,205.7542,144.1560,3685,True
mbE106,E,4,195.4691,321.8821,8680,True
mbE107,E,4,205.6193,178.6614,4834,True
mbE108,E,4,206.2521,192.8072,5447,True
mbE109,E,4,203.6545,179.7865,4751,True
mbE110,E,4,203.6580,219.6956,5503,True
mbF101,F,4,385.4764,106.4531,2500,True
mbF102,F,4,405.9324,194.9043,5287,True
mbF103,F,4,391.3628,126.8358,3251,True
mbF104,F,4,392.9080,204.4154,5183,True
mbF105,F,4,392.1382,187.7355,4751,True
mbF106,F,4,372.5721,278.9169,7002,True
mbF107,F,4,390.1351,88.7072,2500,True
mbF108,F,4,383.3232,100.6065,2500,True
mbF109,F,4,413.8176,97.1856,2500,True
mbF110,F,4,392.5829,152.8435,3789,True
mbG101,G,4,561.0070,119.7697,3251,True
mbG102,G,4,486.9503,210.2409,5331,True
mbG103,G,4,562.7470,146.2684,4095,True
mbG104,G,4,554.5457,100.4112,2500,True
mbG105,G,4,564.1502,100.1716,2500,True
mbG106,G,4,564.9072,120.8814,3128,True
mbG107,G,4,538.7491,177.7709,4733,True
mbG108,G,4,566.4352,158.7048,4123,True
mbG109,G,4,551.1030,141.6861,4002,True
mbG110,G,4,565.1707,144.7839,3633,True
mbB101,B,5,134.2428,127.0493,12441,True
mbB102,B,5,128.2182,63.2514,6143,True
mbB103,B,5,131.2669,98.7581,9250,True
mbB104,B,5,133.8619,35.3786,3557,True
mbB105,B,5,129.3842,26.3365,2500,True
mbB106,B,5,140.4421,23.7235,2500,True
mbB107,B,5,135.6550,83.6701,8321,True
mbB108,B,5,135.5291,32.8533,3251,True
mbB109,B,5,125.0381,36.6376,3296,True
mbB110,B,5,135.1125,50.2798,4851,True
mbC101,C,5,264.1237,35.8506,3527,True
mbC102,C,5,252.8617,31.7721,3157,True
mbC103,C,5,251.2655,26.5433,2500,True
mbC104,C,5,256.6786,41.9536,4001,True
mbC105,C,5,296.8046,27.7383,2500,True
mbC106,C,5,302.7911,32.5095,3080,True
mbC107,C,5,277.2589,49.4884,4928,True
mbC108,C,5,297.0298,34.8797,3251,True
mbC109,C,5,280.5012,26.3200,2500,True
mbC110,C,5,288.3378,34.4674,3383,True
mbD101,D,5,377.7749,27.7621,2656,True
mbD102,D,5,389.8734,33.0623,3251,True
mbD103,D,5,359.7881,33.4180,3251,True
mbD104,D,5,397.5751,27.0935,2500,True
mbD105,D,5,411.9445,31.2409,3030,True
mbD106,D,5,368.5864,38.0756,3661,True
mbD107,D,5,355.7469,33.1770,3251,True
mbD108,D,5,370.5559,26.3199,2500,True
mbD109,D,5,410.4042,30.4073,3016,True
mbD110,D,5,392.6916,37.4224,3643,True
mbE101,E,5,205.3071,198.3196,5553,True
mbE102,E,5,209.5784,1205.6164,7581,True
mbE103,E,5,206.1309,92.2097,2500,True
mbE104,E,5,203.7424,147.5900,4008,True
mbE105,E,5,206.1093,193.1916,4916,True
mbE106,E,5,203.5823,383.4149,10344,True
mbE107,E,5,203.2388,121.4656,3251,True
mbE108,E,5,203.1908,192.3355,5358,True
mbE109,E,5,204.7205,95.7905,2500,True
mbE110,E,5,205.2946,132.2121,3365,True
mbF101,F,5,409.2831,215.8112,5158,True
mbF102,F,5,398.5425,120.1832,3251,True
mbF103,F,5,376.6019,213.0060,5502,True
mbF104,F,5,387.9708,158.2890,4002,True
mbF105,F,5,386.5117,121.9611,3161,True
mbF106,F,5,375.3713,186.7012,4751,True
mbF107,F,5,398.3812,88.4010,2500,True
mbF108,F,5,388.7026,129.4148,3256,True
mbF109,F,5,394.6669,96.6777,2500,True
mbF110,F,5,386.3785,246.6000,6209,True
mbG101,G,5,556.3633,91.4664,2500,True
mbG102,G,5,506.7586,170.9671,4330,True
mbG103,G,5,560.3029,150.1686,4200,True
mbG104,G,5,556.0264,98.8934,2500,True
mbG105,G,5,552.0878,100.8463,2500,True
mbG106,G,5,584.4522,98.5111,2500,True
mbG107,G,5,569.8583,109.2833,2876,True
mbG108,G,5,575.5952,97.1870,2500,True
mbG109,G,5,574.1495,139.6987,4002,True
mbG110,G,5,558.4663,161.4736,4001,True
mbB101,B,6,134.1478,30.6662,3019,True
mbB101,B,7,135.8827,40.7121,4038,True
mbB101,B,8,132.8605,52.8203,5191,True
mbB101,B,9,137.3808,29.9863,2970,True
mbB101,B,10,134.9217,135.0420,13266,True
mbB102,B,6,132.1500,47.8161,4606,True
mbB102,B,7,130.4547,64.1340,6248,True
mbB102,B,8,134.1475,33.5259,3251,True
mbB102,B,9,135.2031,29.3757,2875,True
mbB102,B,10,131.2243,99.9977,9690,True
mbB103,B,6,135.6240,72.8220,6785,True
mbB103,B,7,133.7518,44.9123,4072,True
mbB103,B,8,133.0003,51.0713,4751,True
mbB103,B,9,136.5844,52.8995,4900,True
mbB103,B,10,135.1081,37.0480,3413,True
mbB104,B,6,138.0356,35.4729,3571,True
mbB104,B,7,139.0614,24.9694,2500,True
mbB104,B,8,137.4706,105.3650,10475,True
mbB104,B,9,135.6487,24.7676,2500,True
mbB104,B,10,137.1933,59.8448,6079,True
mbB105,B,6,130.1914,51.9901,4963,True
mbB105,B,7,127.0551,70.4489,6691,True
mbB105,B,8,126.0215,50.3622,4752,True
mbB105,B,9,127.0042,42.0866,3970,True
mbB105,B,10,127.0796,51.8352,4856,True
mbB106,B,6,138.7828,30.6622,3251,True
mbB106,B,7,133.8224,66.0518,6779,True
mbB106,B,8,139.4544,45.4243,4753,True
mbB106,B,9,137.6321,23.6864,2500,True
mbB106,B,10,140.2469,23.9214,2500,True
mbB107,B,6,136.8121,76.0518,7697,True
mbB107,B,7,138.4939,28.7052,2921,True
mbB107,B,8,135.9702,57.6422,5656,True
mbB107,B,9,134.5508,55.5014,5591,True
mbB107,B,10,137.1406,35.5576,3553,True
mbB108,B,6,134.5336,64.1180,6367,True
mbB108,B,7,133.5986,48.3086,4752,True
mbB108,B,8,134.6138,59.2309,5856,True
mbB108,B,9,130.9758,49.0622,4816,True
mbB108,B,10,134.2702,58.7811,5842,True
mbB109,B,6,130.6733,56.7116,5315,True
mbB109,B,7,125.1848,43.3918,4044,True
mbB109,B,8,128.2648,52.7114,4930,True
mbB109,B,9,124.4027,34.5342,3251,True
mbB109,B,10,126.3126,45.0769,4250,True
mbB110,B,6,129.4795,42.0079,4119,True
mbB110,B,7,132.1352,75.7584,7383,True
mbB110,B,8,133.0427,33.6593,3251,True
mbB110,B,9,127.2588,54.7238,5338,True
mbB110,B,10,130.8206,86.7141,8484,True
mbC101,C,6,251.7250,85.1073,8505,True
mbC101,C,7,256.7533,40.9562,4094,True
mbC101,C,8,249.2515,63.0613,6253,True
mbC101,C,9,271.2339,25.1127,2500,True
mbC101,C,10,252.5512,55.7650,5570,True
mbC102,C,6,255.6056,47.9128,4769,True
mbC102,C,7,250.9507,43.3447,4313,True
mbC102,C,8,239.5559,41.6897,4133,True
mbC102,C,9,259.0459,32.8197,3251,True
mbC102,C,10,265.7741,29.8946,3004,True
mbC103,C,6,258.0275,26.3739,2500,True
mbC103,C,7,240.7247,26.4606,2500,True
mbC103,C,8,247.7641,27.5902,2598,True
mbC103,C,9,241.4456,27.0923,2563,True
mbC103,C,10,242.5410,74.0232,7071,True
mbC104,C,6,272.2548,34.1498,3268,True
mbC104,C,7,265.8334,26.1341,2500,True
mbC104,C,8,268.6834,26.0734,2500,True
mbC104,C,9,271.4771,39.3973,3782,True
mbC104,C,10,274.5267,25.8622,2500,True
mbC105,C,6,292.5358,49.5985,4556,True
mbC105,C,7,271.8678,54.0899,4974,True
mbC105,C,8,289.0621,27.4080,2500,True
mbC105,C,9,281.9769,37.1028,3351,True
mbC105,C,10,285.5942,33.2648,3040,True
mbC106,C,6,295.7872,26.3730,2530,True
mbC106,C,7,302.3846,42.5165,4058,True
mbC106,C,8,295.7930,27.6482,2620,True
mbC106,C,9,294.0800,26.1165,2500,True
mbC106,C,10,294.3948,26.4513,2500,True
mbC107,C,6,279.9835,25.1978,2500,True
mbC107,C,7,279.7015,55.6626,5502,True
mbC107,C,8,292.0839,40.3151,4002,True
mbC107,C,9,279.4215,55.0056,5502,True
mbC107,C,10,279.6230,54.8028,5502,True
mbC108,C,6,281.3509,26.7668,2524,True
mbC108,C,7,294.2503,27.7575,2596,True
mbC108,C,8,288.1273,26.8570,2515,True
mbC108,C,9,292.2369,26.7340,2514,True
mbC108,C,10,297.6559,29.7046,2779,True
mbC109,C,6,280.4632,34.8799,3272,True
mbC109,C,7,280.4556,26.2013,2500,True
mbC109,C,8,273.3081,47.6520,4519,True
mbC109,C,9,281.3463,28.4805,2719,True
mbC109,C,10,274.9222,39.5223,3751,True
mbC110,C,6,292.0069,41.0306,4100,True
mbC110,C,7,273.7086,25.6466,2500,True
mbC110,C,8,283.2364,25.4116,2500,True
mbC110,C,9,283.3278,25.3226,2500,True
mbC110,C,10,272.0236,54.6857,5367,True
mbD101,D,6,348.0981,41.7279,4001,True
mbD101,D,7,354.2268,33.9942,3253,True
mbD101,D,8,385.3691,35.1840,3406,True
mbD101,D,9,368.0411,26.1785,2500,True
mbD101,D,10,373.4012,41.3105,4001,True
mbD102,D,6,389.8388,25.5003,2500,True
mbD102,D,7,407.6228,35.2413,3476,True
mbD102,D,8,378.3239,26.1416,2579,True
mbD102,D,9,403.7410,33.4922,3251,True
mbD102,D,10,392.5594,51.6224,5121,True
mbD103,D,6,357.4142,33.8026,3251,True
mbD103,D,7,342.1687,25.7531,2500,True
mbD103,D,8,358.3531,56.1468,5399,True
mbD103,D,9,342.7654,44.5088,4286,True
mbD103,D,10,353.8980,41.0365,3946,True
mbD104,D,6,410.3639,32.2400,3025,True
mbD104,D,7,417.9945,26.5669,2500,True
mbD104,D,8,408.9454,27.0336,2500,True
mbD104,D,9,405.8673,31.7786,2968,True
mbD104,D,10,393.3775,29.6768,2746,True
mbD105,D,6,403.7863,33.5637,3265,True
mbD105,D,7,396.5615,33.9620,3285,True
mbD105,D,8,405.0954,45.0948,4376,True
mbD105,D,9,407.3137,25.7807,2500,True
mbD105,D,10,420.8839,33.6809,3270,True
mbD106,D,6,388.3864,26.3502,2500,True
mbD106,D,7,374.3466,31.7508,3041,True
mbD106,D,8,386.2005,26.1441,2500,True
mbD106,D,9,388.2507,59.6095,5655,True
mbD106,D,10,382.6701,34.3891,3251,True
mbD107,D,6,387.4100,45.2438,4476,True
mbD107,D,7,365.2576,32.5805,3251,True
mbD107,D,8,396.0629,32.5997,3243,True
mbD107,D,9,383.9570,54.2755,5385,True
mbD107,D,10,387.0537,25.2634,2500,True
mbD108,D,6,347.1366,28.7094,2743,True
mbD108,D,7,378.3328,26.2592,2521,True
mbD108,D,8,380.0622,26.0482,2500,True
mbD108,D,9,367.2483,26.3535,2500,True
mbD108,D,10,376.1492,28.8729,2733,True
mbD109,D,6,394.7270,36.7077,3653,True
mbD109,D,7,413.8773,27.8987,2779,True
mbD109,D,8,402.5481,35.3155,3471,True
mbD109,D,9,406.0786,43.4865,4298,True
mbD109,D,10,392.7242,25.3627,2500,True
mbD110,D,6,394.0163,33.0933,3251,True
mbD110,D,7,393.4807,25.5375,2500,True
mbD110,D,8,409.2422,30.8039,3015,True
mbD110,D,9,384.0984,26.8875,2660,True
mbD110,D,10,369.6665,26.3495,2615,True
mbE101,E,6,205.9028,170.2589,4751,True
mbE101,E,7,203.9696,90.8904,2500,True
mbE101,E,8,206.0943,171.2764,4762,True
mbE101,E,9,204.7631,142.4296,4002,True
mbE101,E,10,204.9962,179.1078,5013,True
mbE102,E,6,207.2240,89.9012,2500,True
mbE102,E,7,206.7663,167.5221,4751,True
mbE102,E,8,210.2616,141.9686,4002,True
mbE102,E,9,209.3647,145.2999,4110,True
mbE102,E,10,208.1236,118.7456,3329,True
mbE103,E,6,203.9610,144.4768,4001,True
mbE103,E,7,206.9877,187.2464,5133,True
mbE103,E,8,204.1199,118.8888,3252,True
mbE103,E,9,205.2096,202.6048,5576,True
mbE103,E,10,205.8729,173.4853,4751,True
mbE104,E,6,206.2146,92.8060,2562,True
mbE104,E,7,207.4628,117.6808,3270,True
mbE104,E,8,207.1328,90.9950,2500,True
mbE104,E,9,206.0346,117.7069,3251,True
mbE104,E,10,203.6243,138.9889,3870,True
mbE105,E,6,205.0182,262.0715,6759,True
mbE105,E,7,207.5797,136.8826,3532,True
mbE105,E,8,204.1002,150.2242,3842,True
mbE105,E,9,204.8884,196.7814,5053,True
mbE105,E,10,205.8611,98.7783,2500,True
mbE106,E,6,202.2087,251.8442,6920,True
mbE106,E,7,204.3712,120.2745,3251,True
mbE106,E,8,206.1423,148.1374,4002,True
mbE106,E,9,201.6635,148.2020,4001,True
mbE106,E,10,203.9494,204.3622,5502,True
mbE107,E,6,203.3797,149.1311,4002,True
mbE107,E,7,204.7300,259.7236,7006,True
mbE107,E,8,200.6185,164.4991,4472,True
mbE107,E,9,208.1846,92.6008,2500,True
mbE107,E,10,204.6267,92.6246,2500,True
mbE108,E,6,205.2671,175.5791,4932,True
mbE108,E,7,206.7924,142.5609,4001,True
mbE108,E,8,204.9170,472.2858,5079,True
mbE108,E,9,207.0955,169.4621,4753,True
mbE108,E,10,205.8021,197.8084,5577,True
mbE109,E,6,201.0864,755.1697,3376,True
mbE109,E,7,204.3149,60.8996,2500,True
mbE109,E,8,204.9864,62.3749,2823,True
mbE109,E,9,200.9060,116.0368,5345,True
mbE109,E,10,201.5987,55.2948,2500,True
mbE110,E,6,202.8707,96.0190,4229,True
mbE110,E,7,203.7762,238.0075,10314,True
mbE110,E,8,204.9764,109.0793,4752,True
mbE110,E,9,205.4406,143.4892,6296,True
mbE110,E,10,206.1828,93.3979,4001,True
mbF101,F,6,400.2706,79.7725,3251,True
mbF101,F,7,403.8989,228.0203,9413,True
mbF101,F,8,390.8358,61.1128,2500,True
mbF101,F,9,403.4609,70.1506,2904,True
mbF101,F,10,407.5633,160.3038,6619,True
mbF102,F,6,376.6567,134.5655,6401,True
mbF102,F,7,382.8679,85.9782,4002,True
mbF102,F,8,397.0808,71.4674,3359,True
mbF102,F,9,392.1085,54.8406,2500,True
mbF102,F,10,407.8525,85.8214,4001,True
mbF103,F,6,369.5921,89.9108,4002,True
mbF103,F,7,384.3669,114.8902,5132,True
mbF103,F,8,392.8935,137.9211,6190,True
mbF103,F,9,378.5670,123.3718,5503,True
mbF103,F,10,384.2214,56.0532,2500,True
mbF104,F,6,384.0023,74.1620,3251,True
mbF104,F,7,394.3108,61.1058,2679,True
mbF104,F,8,383.3818,58.0324,2500,True
mbF104,F,9,380.6387,74.6654,3251,True
mbF104,F,10,389.6643,79.6185,3506,True
mbF105,F,6,394.4342,90.6992,4001,True
mbF105,F,7,394.6337,60.1735,2646,True
mbF105,F,8,411.7068,74.7456,3297,True
mbF105,F,9,396.7507,90.5287,4001,True
mbF105,F,10,406.1577,57.1748,2500,True
mbF106,F,6,357.1896,139.4252,6081,True
mbF106,F,7,376.4749,74.5875,3251,True
mbF106,F,8,370.1372,126.9341,5503,True
mbF106,F,9,368.8762,57.6501,2500,True
mbF106,F,10,362.4453,125.8030,5502,True
mbF107,F,6,379.9267,128.1035,6240,True
mbF107,F,7,393.7414,52.2598,2500,True
mbF107,F,8,390.9302,114.9485,5577,True
mbF107,F,9,373.8082,82.8130,4002,True
mbF107,F,10,381.5014,117.2559,5707,True
mbF108,F,6,391.1877,112.8106,4871,True
mbF108,F,7,385.9272,76.7087,3312,True
mbF108,F,8,392.2026,79.7467,3463,True
mbF108,F,9,384.7596,57.8503,2500,True
mbF108,F,10,393.0370,58.2506,2500,True
mbF109,F,6,392.4759,65.4445,2944,True
mbF109,F,7,399.8925,73.5821,3349,True
mbF109,F,8,383.8972,56.4014,2500,True
mbF109,F,9,401.3937,55.5708,2500,True
mbF109,F,10,390.4112,100.9790,4597,True
mbF110,F,6,397.6237,105.1623,4529,True
mbF110,F,7,401.8862,59.0336,2500,True
mbF110,F,8,377.2728,110.8320,4751,True
mbF110,F,9,396.5134,77.1660,3251,True
mbF110,F,10,398.7217,94.3120,4002,True
mbG101,G,6,541.2194,88.1800,4177,True
mbG101,G,7,545.7666,69.8392,3251,True
mbG101,G,8,539.4614,69.7959,3251,True
mbG101,G,9,565.4058,53.0823,2500,True
mbG101,G,10,555.0113,69.8377,3281,True
mbG102,G,6,511.4939,57.3676,2500,True
mbG102,G,7,523.4573,88.5555,3908,True
mbG102,G,8,517.3216,109.4975,4766,True
mbG102,G,9,504.0159,78.5293,3451,True
mbG102,G,10,507.2710,74.5724,3251,True
mbG103,G,6,551.8743,55.3417,2631,True
mbG103,G,7,557.0178,136.7367,6592,True
mbG103,G,8,547.1279,99.2321,4752,True
mbG103,G,9,564.9079,69.0063,3334,True
mbG103,G,10,560.0090,98.2975,4760,True
mbG104,G,6,552.6726,70.5469,3128,True
mbG104,G,7,549.3702,103.3353,4540,True
mbG104,G,8,568.6476,56.5245,2500,True
mbG104,G,9,528.2736,65.1026,2897,True
mbG104,G,10,552.6479,74.0669,3251,True
mbG105,G,6,552.5775,58.0615,2500,True
mbG105,G,7,546.3220,57.6207,2500,True
mbG105,G,8,527.9024,115.5108,5033,True
mbG105,G,9,538.0560,72.9821,3214,True
mbG105,G,10,528.3827,58.1855,2500,True
mbG106,G,6,564.5773,56.6271,2500,True
mbG106,G,7,563.5902,94.9308,4235,True
mbG106,G,8,568.4635,106.3715,4751,True
mbG106,G,9,571.8693,77.6270,3501,True
mbG106,G,10,565.1703,56.6321,2510,True
mbG107,G,6,563.0641,117.0724,5402,True
mbG107,G,7,556.4248,66.2564,3055,True
mbG107,G,8,565.7989,54.7609,2500,True
mbG107,G,9,568.2375,59.2753,2732,True
mbG107,G,10,557.5921,161.6937,7481,True
mbG108,G,6,566.1447,92.7016,4157,True
mbG108,G,7,581.4000,61.4332,2760,True
mbG108,G,8,575.3840,63.8232,2887,True
mbG108,G,9,589.9662,56.2153,2508,True
mbG108,G,10,572.3193,93.8590,4215,True
mbG109,G,6,575.2414,70.9020,3500,True
mbG109,G,7,572.6698,51.3164,2500,True
mbG109,G,8,567.8565,81.0498,4002,True
mbG109,G,9,575.1599,55.4418,2688,True
mbG109,G,10,576.5281,122.0798,6042,True
mbG110,G,6,545.5502,111.4845,4810,True
mbG110,G,7,560.0147,76.9570,3392,True
mbG110,G,8,559.4310,137.2755,6049,True
mbG110,G,9,563.4555,79.4317,3441,True
mbG110,G,10,565.5220,57.8148,2500,True
